<?xml version="1.0" encoding="UTF-8"?>
<project-private xmlns="http://www.netbeans.org/ns/project-private/1">
    <editor-bookmarks xmlns="http://www.netbeans.org/ns/editor-bookmarks/2" lastBookmarkId="0"/>
    <open-files xmlns="http://www.netbeans.org/ns/projectui-open-files/2">
        <group>
            <file>file:/C:/Users/Ralty/Documents/Coding%20Files/Java/Personal/Array/RPG/src/rpg/project/Two.java</file>
            <file>file:/C:/Users/Ralty/Documents/Coding%20Files/Java/Personal/Array/RPG/src/rpg/RNG.java</file>
            <file>file:/C:/Users/Ralty/Documents/Coding%20Files/Java/Personal/Array/RPG/src/rpg/playerAttributes.java</file>
            <file>file:/C:/Users/Ralty/Documents/Coding%20Files/Java/Personal/Array/RPG/src/rpg/SettingsPanel.java</file>
            <file>file:/C:/Users/Ralty/Documents/Coding%20Files/Java/Personal/Array/RPG/src/rpg/StartingScreen.java</file>
            <file>file:/C:/Users/Ralty/Documents/Coding%20Files/Java/Personal/Array/RPG/src/rpg/project/One.java</file>
            <file>file:/C:/Users/Ralty/Documents/Coding%20Files/Java/Personal/Array/RPG/src/rpg/project/RPGProject.java</file>
            <file>file:/C:/Users/Ralty/Documents/Coding%20Files/Java/Personal/Array/RPG/src/rpg/storyLine.java</file>
            <file>file:/C:/Users/Ralty/Documents/Coding%20Files/Java/Personal/Array/RPG/src/rpg/project/Four.java</file>
            <file>file:/C:/Users/Ralty/Documents/Coding%20Files/Java/Personal/Array/RPG/src/rpg/project/Three.java</file>
            <file>file:/C:/Users/Ralty/Documents/Coding%20Files/Java/Personal/Array/RPG/src/rpg/project/Five.java</file>
            <file>file:/C:/Users/Ralty/Documents/Coding%20Files/Java/Personal/Array/RPG/src/rpg/MainScreen.java</file>
            <file>file:/C:/Users/Ralty/Documents/Coding%20Files/Java/Personal/Array/RPG/src/rpg/RPG.java</file>
            <file>file:/C:/Users/Ralty/Documents/Coding%20Files/Java/Personal/Array/RPG/src/rpg/project/Six.java</file>
        </group>
    </open-files>
</project-private>
